28-12 13:10:47,3.521,0.718,95.635,0.053,0.002,0.071,168292352.0,26992640.0,830541824.0,1073102848.0,0.0,0.0,0.000,0.0,2.835,0.0,0.0
28-12 13:10:48,0.0,15.753,82.877,0.0,0.0,1.370,164130816.0,26992640.0,686772224.0,1221033984.0,15840.0,10196.0,0.0,0.0,1.0,0.0,0.0
28-12 13:10:49,0.0,28.395,71.605,0.0,0.0,0.0,166371328.0,26992640.0,766754816.0,1138810880.0,0.0,0.0,1.0,0.0,0.0,0.0,0.0
28-12 13:10:50,0.0,11.413,87.500,0.0,0.0,1.087,166998016.0,26992640.0,790401024.0,1114537984.0,0.0,0.0,0.0,0.0,0.0,0.0,0.0
28-12 13:10:51,0.0,3.175,96.825,0.0,0.0,0.0,167702528.0,26992640.0,810393600.0,1093840896.0,0.0,0.0,1.0,0.0,0.0,0.0,0.0
28-12 13:10:52,0.0,3.784,71.351,23.243,0.0,1.622,168394752.0,27000832.0,830558208.0,1072975872.0,0.0,0.0,0.0,0.0,0.0,0.0,0.0
28-12 13:10:54,0.0,0.0,91.318,8.682,0.0,0.0,168058880.0,27009024.0,830558208.0,1073303552.0,0.0,0.0,0.0,0.0,0.0,0.0,0.0
28-12 13:10:54,15.476,46.429,38.095,0.0,0.0,0.0,191459328.0,27009024.0,830558208.0,1049903104.0,1380.0,2158.0,1.0,0.0,12.0,0.0,0.0
28-12 13:10:55,42.424,33.333,24.242,0.0,0.0,0.0,229801984.0,27009024.0,830590976.0,1011527680.0,120.0,292.0,1.0,0.0,0.0,0.0,0.0
28-12 13:10:56,24.103,45.128,29.744,0.513,0.0,0.513,209240064.0,27009024.0,830595072.0,1032085504.0,1260.0,1978.0,3.0,0.0,12.0,0.0,0.0
28-12 13:10:57,39.196,30.151,30.151,0.0,0.0,0.503,192249856.0,27009024.0,830595072.0,1049075712.0,660.0,1086.0,3.0,0.0,12.0,0.0,0.0
28-12 13:10:58,73.367,9.548,17.085,0.0,0.0,0.0,512221184.0,27009024.0,830595072.0,729104384.0,0.0,0.0,2.0,0.0,0.0,0.0,0.0
28-12 13:10:59,64.141,6.061,29.798,0.0,0.0,0.0,783069184.0,27009024.0,830595072.0,458256384.0,0.0,0.0,1.0,0.0,0.0,0.0,0.0
28-12 13:11:00,76.768,2.525,20.707,0.0,0.0,0.0,915435520.0,27017216.0,830595072.0,325881856.0,0.0,0.0,2.0,0.0,0.0,0.0,0.0
28-12 13:11:01,64.824,3.518,31.658,0.0,0.0,0.0,965447680.0,27017216.0,830595072.0,275869696.0,0.0,0.0,2.0,0.0,0.0,0.0,0.0
28-12 13:11:02,45.729,3.518,50.754,0.0,0.0,0.0,1084030976.0,27017216.0,830595072.0,157286400.0,60.0,114.0,1.0,0.0,1.0,0.0,0.0
28-12 13:11:03,0.0,0.0,100.0,0.0,0.0,0.0,1084030976.0,27017216.0,830595072.0,157286400.0,0.0,0.0,0.0,0.0,0.0,0.0,0.0
28-12 13:11:04,0.0,0.0,100.0,0.0,0.0,0.0,1083977728.0,27017216.0,830595072.0,157339648.0,0.0,0.0,0.0,0.0,0.0,0.0,0.0
28-12 13:11:05,0.0,0.0,100.0,0.0,0.0,0.0,1083973632.0,27021312.0,830595072.0,157339648.0,0.0,0.0,0.0,0.0,0.0,0.0,0.0
28-12 13:11:06,0.0,0.505,99.495,0.0,0.0,0.0,1083973632.0,27021312.0,830595072.0,157339648.0,0.0,0.0,0.0,0.0,0.0,0.0,0.0
28-12 13:11:07,0.0,0.500,99.500,0.0,0.0,0.0,1083973632.0,27021312.0,830595072.0,157339648.0,0.0,0.0,0.0,0.0,0.0,0.0,0.0
28-12 13:11:08,0.0,0.0,100.0,0.0,0.0,0.0,1083973632.0,27021312.0,830595072.0,157339648.0,0.0,0.0,0.0,0.0,0.0,0.0,0.0
28-12 13:11:09,0.505,0.0,99.495,0.0,0.0,0.0,1083973632.0,27021312.0,830595072.0,157339648.0,0.0,0.0,0.0,0.0,0.0,0.0,0.0
28-12 13:11:10,0.0,0.0,100.0,0.0,0.0,0.0,1083965440.0,27029504.0,830595072.0,157339648.0,0.0,0.0,0.0,0.0,0.0,0.0,0.0
28-12 13:11:11,0.0,0.0,100.0,0.0,0.0,0.0,1083965440.0,27029504.0,830595072.0,157339648.0,0.0,0.0,0.0,0.0,0.0,0.0,0.0
28-12 13:11:12,0.521,0.521,98.958,0.0,0.0,0.0,1082195968.0,27029504.0,830595072.0,159109120.0,140.0,74.0,0.0,0.0,1.0,0.0,0.0
28-12 13:11:13,35.079,4.712,60.209,0.0,0.0,0.0,1134878720.0,27029504.0,830595072.0,106426368.0,707.0,518.0,1.0,0.0,0.0,0.0,0.0
28-12 13:11:14,50.802,6.417,42.246,0.0,0.0,0.535,1135419392.0,27029504.0,830595072.0,105885696.0,1633.0,1715.0,1.0,0.0,0.0,0.0,0.0
28-12 13:11:15,47.396,3.125,48.438,0.0,0.0,1.042,1135570944.0,27037696.0,830595072.0,105725952.0,1986.0,89856.0,2.0,0.0,1.0,0.0,0.0
28-12 13:11:16,48.990,2.020,47.980,0.0,0.0,1.010,1133481984.0,27037696.0,830595072.0,107814912.0,1832.0,4438.0,1.0,0.0,0.0,0.0,0.0
28-12 13:11:17,48.677,1.058,50.265,0.0,0.0,0.0,1126252544.0,27037696.0,830595072.0,115044352.0,2118.0,1592.0,1.0,0.0,0.0,0.0,0.0
28-12 13:11:18,49.223,1.036,49.223,0.0,0.0,0.518,1117773824.0,27037696.0,830595072.0,123523072.0,2407.0,2518.0,1.0,0.0,1.0,0.0,0.0
28-12 13:11:19,49.246,2.010,47.236,0.0,0.0,1.508,1100881920.0,27037696.0,830595072.0,140414976.0,2343.0,2340.0,1.0,0.0,0.0,0.0,0.0
28-12 13:11:20,49.733,3.743,45.989,0.0,0.0,0.535,1097756672.0,27041792.0,830590976.0,143540224.0,3325.0,85185.0,1.0,0.0,0.0,0.0,0.0
28-12 13:11:21,48.947,1.053,49.474,0.0,0.0,0.526,1091604480.0,27041792.0,830595072.0,149688320.0,2592.0,2121.0,1.0,0.0,0.0,0.0,0.0
28-12 13:11:22,48.187,0.518,50.259,0.0,0.0,1.036,1087270912.0,27041792.0,830595072.0,154021888.0,3448.0,2751.0,1.0,0.0,0.0,0.0,0.0
28-12 13:11:23,50.251,0.503,48.744,0.0,0.0,0.503,1083047936.0,27041792.0,830595072.0,158244864.0,2777.0,2513.0,1.0,0.0,0.0,0.0,0.0
28-12 13:11:24,48.438,2.083,46.875,0.0,0.0,2.604,1078378496.0,27041792.0,830595072.0,162914304.0,3242.0,97390.0,1.0,0.0,0.0,0.0,0.0
28-12 13:11:25,50.254,0.508,49.239,0.0,0.0,0.0,1074790400.0,27041792.0,830595072.0,166502400.0,1650.0,1204.0,1.0,0.0,0.0,0.0,0.0
28-12 13:11:26,48.731,1.015,49.239,0.0,0.0,1.015,1070526464.0,27045888.0,830599168.0,170758144.0,2495.0,2174.0,2.0,0.0,0.0,0.0,0.0
28-12 13:11:27,50.256,0.0,49.231,0.0,0.0,0.513,1069002752.0,27045888.0,830599168.0,172281856.0,2461.0,2232.0,1.0,0.0,0.0,0.0,0.0
28-12 13:11:28,49.495,1.010,48.485,0.0,0.0,1.010,1067352064.0,27045888.0,830599168.0,173932544.0,1470.0,1774.0,1.0,0.0,0.0,0.0,0.0
28-12 13:11:29,48.438,0.521,50.521,0.0,0.0,0.521,1066438656.0,27045888.0,830599168.0,174845952.0,881.0,594.0,1.0,0.0,0.0,0.0,0.0
28-12 13:11:30,48.485,1.515,49.495,0.0,0.0,0.505,1065422848.0,27045888.0,830599168.0,175861760.0,1157.0,1317.0,1.0,0.0,0.0,0.0,0.0
28-12 13:11:31,49.746,1.523,48.731,0.0,0.0,0.0,1064914944.0,27054080.0,830599168.0,176361472.0,504.0,1073.0,1.0,0.0,0.0,0.0,0.0
28-12 13:11:32,50.761,0.0,49.239,0.0,0.0,0.0,1064407040.0,27054080.0,830599168.0,176869376.0,1500.0,2661.0,1.0,0.0,0.0,0.0,0.0
28-12 13:11:33,50.254,1.015,48.731,0.0,0.0,0.0,1064329216.0,27054080.0,830599168.0,176947200.0,936.0,1425.0,1.0,0.0,0.0,0.0,0.0
28-12 13:11:34,49.0,1.500,49.0,0.0,0.0,0.500,1064329216.0,27054080.0,830599168.0,176947200.0,1374.0,2808.0,1.0,0.0,0.0,0.0,0.0
28-12 13:11:35,51.020,2.041,46.429,0.0,0.0,0.510,1064329216.0,27054080.0,830599168.0,176947200.0,2766.0,105381.0,1.0,0.0,0.0,0.0,0.0
28-12 13:11:36,48.241,3.015,48.744,0.0,0.0,0.0,1064357888.0,27058176.0,830599168.0,176914432.0,1392.0,48749.0,1.0,0.0,0.0,0.0,0.0
28-12 13:11:37,50.254,1.523,48.223,0.0,0.0,0.0,1066455040.0,27058176.0,830599168.0,174817280.0,624.0,880.0,1.0,0.0,0.0,0.0,0.0
28-12 13:11:38,50.0,1.515,48.485,0.0,0.0,0.0,1069568000.0,27058176.0,830599168.0,171704320.0,1530.0,26364.0,1.0,0.0,0.0,0.0,0.0
28-12 13:11:39,49.749,1.005,49.246,0.0,0.0,0.0,1075920896.0,27058176.0,830599168.0,165351424.0,876.0,1327.0,1.0,0.0,0.0,0.0,0.0
28-12 13:11:40,54.822,1.523,43.147,0.0,0.0,0.508,1078079488.0,27058176.0,830599168.0,163192832.0,1254.0,31389.0,1.0,0.0,0.0,0.0,0.0
28-12 13:11:41,52.020,0.505,47.475,0.0,0.0,0.0,1082073088.0,27066368.0,830599168.0,159191040.0,564.0,891.0,1.0,0.0,0.0,0.0,0.0
28-12 13:11:42,51.777,2.030,46.193,0.0,0.0,0.0,1084170240.0,27066368.0,830599168.0,157093888.0,1350.0,81895.0,2.0,0.0,0.0,0.0,0.0
28-12 13:11:43,50.526,1.053,47.895,0.0,0.0,0.526,1086267392.0,27066368.0,830599168.0,154996736.0,1062.0,2089.0,1.0,0.0,0.0,0.0,0.0
28-12 13:11:44,50.761,1.015,47.716,0.0,0.0,0.508,1089380352.0,27066368.0,830599168.0,151883776.0,1692.0,75812.0,1.0,0.0,0.0,0.0,0.0
28-12 13:11:45,48.990,2.525,47.475,0.0,0.0,1.010,1092427776.0,27066368.0,830599168.0,148836352.0,1638.0,23166.0,1.0,0.0,0.0,0.0,0.0
28-12 13:11:46,50.0,1.010,48.990,0.0,0.0,0.0,1096622080.0,27066368.0,830599168.0,144642048.0,1314.0,1776.0,1.0,0.0,0.0,0.0,0.0
28-12 13:11:47,49.746,1.015,49.239,0.0,0.0,0.0,1098772480.0,27074560.0,830599168.0,142483456.0,120.0,407.0,1.0,0.0,0.0,0.0,0.0
28-12 13:11:48,51.759,0.503,47.739,0.0,0.0,0.0,1099407360.0,27074560.0,830599168.0,141848576.0,876.0,10340.0,1.0,0.0,0.0,0.0,0.0
28-12 13:11:49,50.0,1.010,48.990,0.0,0.0,0.0,1105125376.0,27074560.0,830599168.0,136130560.0,1386.0,4517.0,1.0,0.0,0.0,0.0,0.0
28-12 13:11:50,50.0,0.500,49.500,0.0,0.0,0.0,1107283968.0,27074560.0,830599168.0,133971968.0,646.0,754.0,1.0,0.0,1.0,0.0,0.0
28-12 13:11:51,49.495,0.505,50.0,0.0,0.0,0.0,1109381120.0,27074560.0,830599168.0,131874816.0,624.0,907.0,1.0,0.0,0.0,0.0,0.0
28-12 13:11:52,49.500,1.0,49.0,0.0,0.0,0.500,1113501696.0,27082752.0,830599168.0,127746048.0,1200.0,31467.0,2.0,0.0,0.0,0.0,0.0
28-12 13:11:53,49.749,0.503,49.246,0.0,0.0,0.503,1119854592.0,27082752.0,830599168.0,121393152.0,1098.0,146621.0,1.0,0.0,0.0,0.0,0.0
28-12 13:11:54,50.254,0.508,49.239,0.0,0.0,0.0,1123983360.0,27082752.0,830599168.0,117264384.0,564.0,817.0,1.0,0.0,0.0,0.0,0.0
28-12 13:11:55,49.495,0.505,50.0,0.0,0.0,0.0,1126080512.0,27082752.0,830599168.0,115167232.0,936.0,1545.0,1.0,0.0,0.0,0.0,0.0
28-12 13:11:56,50.754,1.005,48.241,0.0,0.0,0.0,1130401792.0,27082752.0,830599168.0,110845952.0,1398.0,35439.0,1.0,0.0,0.0,0.0,0.0
28-12 13:11:57,49.246,1.508,48.744,0.0,0.0,0.503,1134649344.0,27090944.0,830599168.0,106590208.0,1272.0,22499.0,1.0,0.0,0.0,0.0,0.0
28-12 13:11:58,50.254,0.0,49.746,0.0,0.0,0.0,1140875264.0,27090944.0,830599168.0,100364288.0,936.0,1308.0,1.0,0.0,0.0,0.0,0.0
28-12 13:11:59,50.754,0.0,49.246,0.0,0.0,0.0,1142906880.0,27090944.0,830599168.0,98332672.0,816.0,1474.0,1.0,0.0,0.0,0.0,0.0
28-12 13:12:00,50.0,2.525,47.475,0.0,0.0,0.0,1143193600.0,27090944.0,830599168.0,98045952.0,1158.0,144873.0,1.0,0.0,0.0,0.0,0.0
28-12 13:12:01,49.500,0.500,49.500,0.0,0.0,0.500,1143128064.0,27090944.0,830599168.0,98111488.0,624.0,1010.0,1.0,0.0,0.0,0.0,0.0
28-12 13:12:02,50.251,0.503,49.246,0.0,0.0,0.0,1143119872.0,27099136.0,830599168.0,98111488.0,1056.0,2314.0,1.0,0.0,0.0,0.0,0.0
28-12 13:12:03,49.746,0.508,49.746,0.0,0.0,0.0,1143119872.0,27099136.0,830599168.0,98111488.0,756.0,987.0,1.0,0.0,0.0,0.0,0.0
28-12 13:12:04,50.251,0.503,49.246,0.0,0.0,0.0,1143119872.0,27099136.0,830599168.0,98111488.0,1002.0,30166.0,1.0,0.0,0.0,0.0,0.0
28-12 13:12:05,49.751,0.498,49.254,0.0,0.0,0.498,1143021568.0,27099136.0,830599168.0,98209792.0,882.0,6713.0,1.0,0.0,0.0,0.0,0.0
28-12 13:12:06,50.251,0.503,49.246,0.0,0.0,0.0,1143021568.0,27099136.0,830599168.0,98209792.0,690.0,976.0,1.0,0.0,0.0,0.0,0.0
28-12 13:12:07,49.495,1.010,48.990,0.0,0.0,0.505,1143013376.0,27103232.0,830603264.0,98209792.0,1722.0,44571.0,1.0,0.0,0.0,0.0,0.0
28-12 13:12:08,49.0,1.500,49.0,0.0,0.0,0.500,1143013376.0,27103232.0,830603264.0,98209792.0,564.0,949.0,1.0,0.0,0.0,0.0,0.0
28-12 13:12:09,50.505,0.0,49.495,0.0,0.0,0.0,1143013376.0,27103232.0,830603264.0,98209792.0,564.0,822.0,1.0,0.0,0.0,0.0,0.0
28-12 13:12:10,49.749,1.005,48.744,0.0,0.0,0.503,1143013376.0,27103232.0,830603264.0,98209792.0,1320.0,2218.0,2.0,0.0,0.0,0.0,0.0
28-12 13:12:11,50.754,0.0,49.246,0.0,0.0,0.0,1143013376.0,27103232.0,830603264.0,98209792.0,504.0,787.0,1.0,0.0,0.0,0.0,0.0
28-12 13:12:12,50.505,0.0,49.495,0.0,0.0,0.0,1143009280.0,27107328.0,830603264.0,98209792.0,996.0,1565.0,1.0,0.0,0.0,0.0,0.0
28-12 13:12:13,50.254,0.508,49.239,0.0,0.0,0.0,1143009280.0,27107328.0,830603264.0,98209792.0,816.0,1644.0,1.0,0.0,0.0,0.0,0.0
28-12 13:12:14,50.251,1.005,48.744,0.0,0.0,0.0,1143009280.0,27107328.0,830603264.0,98209792.0,1470.0,89229.0,1.0,0.0,0.0,0.0,0.0
28-12 13:12:15,50.761,0.508,48.731,0.0,0.0,0.0,1143009280.0,27107328.0,830603264.0,98209792.0,816.0,1188.0,1.0,0.0,0.0,0.0,0.0
28-12 13:12:16,49.246,1.508,49.246,0.0,0.0,0.0,1143009280.0,27107328.0,830603264.0,98209792.0,1320.0,2022.0,2.0,0.0,0.0,0.0,0.0
28-12 13:12:17,50.754,0.503,48.744,0.0,0.0,0.0,1143005184.0,27111424.0,830603264.0,98209792.0,816.0,1621.0,1.0,0.0,0.0,0.0,0.0
28-12 13:12:18,50.251,0.503,48.744,0.0,0.0,0.503,1143005184.0,27111424.0,830603264.0,98209792.0,564.0,12953.0,1.0,0.0,0.0,0.0,0.0
28-12 13:12:19,50.251,0.503,49.246,0.0,0.0,0.0,1143005184.0,27111424.0,830603264.0,98209792.0,948.0,66324.0,1.0,0.0,0.0,0.0,0.0
28-12 13:12:20,49.495,1.010,49.495,0.0,0.0,0.0,1143005184.0,27111424.0,830603264.0,98209792.0,1140.0,94757.0,1.0,0.0,0.0,0.0,0.0
28-12 13:12:21,49.500,1.0,49.0,0.0,0.0,0.500,1143005184.0,27111424.0,830603264.0,98209792.0,1074.0,55149.0,1.0,0.0,0.0,0.0,0.0
28-12 13:12:22,50.0,1.010,48.990,0.0,0.0,0.0,1142996992.0,27119616.0,830603264.0,98209792.0,312.0,444.0,1.0,0.0,0.0,0.0,0.0
28-12 13:12:23,50.254,1.015,48.731,0.0,0.0,0.0,1142996992.0,27119616.0,830603264.0,98209792.0,870.0,1300.0,1.0,0.0,0.0,0.0,0.0
28-12 13:12:24,49.749,1.005,48.744,0.0,0.0,0.503,1142996992.0,27119616.0,830603264.0,98209792.0,1692.0,109283.0,1.0,0.0,0.0,0.0,0.0
28-12 13:12:25,51.0,1.0,48.0,0.0,0.0,0.0,1142996992.0,27119616.0,830603264.0,98209792.0,936.0,2007.0,1.0,0.0,0.0,0.0,0.0
28-12 13:12:26,50.505,0.505,48.990,0.0,0.0,0.0,1142996992.0,27119616.0,830603264.0,98209792.0,876.0,1740.0,1.0,0.0,0.0,0.0,0.0
28-12 13:12:27,48.241,1.508,49.749,0.0,0.0,0.503,1142992896.0,27123712.0,830603264.0,98209792.0,1008.0,1325.0,1.0,0.0,0.0,0.0,0.0
28-12 13:12:28,49.749,0.0,49.749,0.0,0.0,0.503,1142992896.0,27123712.0,830603264.0,98209792.0,1320.0,4994.0,1.0,0.0,0.0,0.0,0.0
28-12 13:12:29,50.0,0.505,49.495,0.0,0.0,0.0,1142992896.0,27123712.0,830603264.0,98209792.0,504.0,833.0,1.0,0.0,0.0,0.0,0.0
28-12 13:12:30,51.500,1.0,47.500,0.0,0.0,0.0,1143246848.0,27123712.0,830603264.0,97955840.0,624.0,848.0,1.0,0.0,0.0,0.0,0.0
28-12 13:12:31,49.246,1.508,49.246,0.0,0.0,0.0,1143246848.0,27123712.0,830603264.0,97955840.0,1530.0,23864.0,1.0,0.0,0.0,0.0,0.0
28-12 13:12:32,49.500,0.500,49.500,0.0,0.0,0.500,1143238656.0,27131904.0,830603264.0,97955840.0,624.0,1862.0,1.0,0.0,0.0,0.0,0.0
28-12 13:12:33,49.746,0.508,49.746,0.0,0.0,0.0,1143238656.0,27131904.0,830603264.0,97955840.0,768.0,28118.0,2.0,0.0,0.0,0.0,0.0
28-12 13:12:34,50.505,0.0,48.990,0.0,0.0,0.505,1143238656.0,27131904.0,830603264.0,97955840.0,936.0,2234.0,1.0,0.0,0.0,0.0,0.0
28-12 13:12:35,50.0,0.500,49.500,0.0,0.0,0.0,1143238656.0,27131904.0,830603264.0,97955840.0,684.0,1053.0,1.0,0.0,0.0,0.0,0.0
28-12 13:12:36,50.251,0.503,48.744,0.0,0.0,0.503,1143238656.0,27131904.0,830603264.0,97955840.0,816.0,1954.0,1.0,0.0,0.0,0.0,0.0
28-12 13:12:37,50.505,1.010,48.485,0.0,0.0,0.0,1143230464.0,27140096.0,830603264.0,97955840.0,696.0,12998.0,2.0,0.0,0.0,0.0,0.0
28-12 13:12:38,50.251,0.503,49.246,0.0,0.0,0.0,1143230464.0,27140096.0,830603264.0,97955840.0,1074.0,45544.0,1.0,0.0,0.0,0.0,0.0
28-12 13:12:39,50.500,0.500,49.0,0.0,0.0,0.0,1143230464.0,27140096.0,830603264.0,97955840.0,1254.0,1568.0,1.0,0.0,0.0,0.0,0.0
28-12 13:12:40,50.254,0.508,49.239,0.0,0.0,0.0,1143230464.0,27140096.0,830603264.0,97955840.0,570.0,32702.0,1.0,0.0,0.0,0.0,0.0
28-12 13:12:41,49.746,1.015,49.239,0.0,0.0,0.0,1143230464.0,27140096.0,830603264.0,97955840.0,762.0,19305.0,1.0,0.0,0.0,0.0,0.0
28-12 13:12:42,49.246,1.005,49.749,0.0,0.0,0.0,1143222272.0,27148288.0,830603264.0,97955840.0,1014.0,25845.0,1.0,0.0,0.0,0.0,0.0
28-12 13:12:43,50.0,0.500,49.500,0.0,0.0,0.0,1143222272.0,27148288.0,830603264.0,97955840.0,1062.0,1828.0,1.0,0.0,0.0,0.0,0.0
28-12 13:12:44,49.749,1.005,48.744,0.0,0.0,0.503,1143222272.0,27148288.0,830603264.0,97955840.0,1746.0,61494.0,1.0,0.0,0.0,0.0,0.0
28-12 13:12:45,50.505,0.0,49.495,0.0,0.0,0.0,1143222272.0,27148288.0,830603264.0,97955840.0,816.0,13404.0,1.0,0.0,0.0,0.0,0.0
28-12 13:12:46,52.261,1.005,46.734,0.0,0.0,0.0,1143730176.0,27148288.0,830603264.0,97447936.0,816.0,1580.0,1.0,0.0,0.0,0.0,0.0
28-12 13:12:47,49.749,0.503,49.749,0.0,0.0,0.0,1143726080.0,27152384.0,830603264.0,97447936.0,696.0,1379.0,1.0,0.0,0.0,0.0,0.0
28-12 13:12:48,49.246,1.005,49.246,0.0,0.0,0.503,1143726080.0,27152384.0,830603264.0,97447936.0,1248.0,13932.0,1.0,0.0,0.0,0.0,0.0
28-12 13:12:49,49.749,1.005,49.246,0.0,0.0,0.0,1143721984.0,27152384.0,830607360.0,97447936.0,1386.0,12082.0,1.0,0.0,0.0,0.0,0.0
28-12 13:12:50,50.0,0.505,49.495,0.0,0.0,0.0,1143721984.0,27152384.0,830607360.0,97447936.0,1116.0,2348.0,1.0,0.0,0.0,0.0,0.0
28-12 13:12:51,49.749,1.005,48.744,0.0,0.0,0.503,1143721984.0,27152384.0,830607360.0,97447936.0,1392.0,1889.0,1.0,0.0,0.0,0.0,0.0
28-12 13:12:52,49.746,1.015,49.239,0.0,0.0,0.0,1143840768.0,27160576.0,830607360.0,97320960.0,1446.0,20678.0,1.0,0.0,0.0,0.0,0.0
28-12 13:12:53,50.0,1.010,48.485,0.0,0.0,0.505,1143840768.0,27160576.0,830607360.0,97320960.0,2268.0,21035.0,1.0,0.0,0.0,0.0,0.0
28-12 13:12:54,43.005,2.073,54.922,0.0,0.0,0.0,1143840768.0,27160576.0,830607360.0,97320960.0,1464.0,1832.0,0.0,0.0,0.0,0.0,0.0
28-12 13:12:55,0.0,0.0,100.0,0.0,0.0,0.0,1143840768.0,27160576.0,830607360.0,97320960.0,0.0,0.0,0.0,0.0,0.0,0.0,0.0
28-12 13:12:56,0.0,0.0,100.0,0.0,0.0,0.0,1143840768.0,27160576.0,830607360.0,97320960.0,0.0,0.0,0.0,0.0,0.0,0.0,0.0
28-12 13:12:57,0.0,0.0,100.0,0.0,0.0,0.0,1143836672.0,27164672.0,830607360.0,97320960.0,0.0,0.0,0.0,0.0,0.0,0.0,0.0
28-12 13:12:58,0.0,0.0,100.0,0.0,0.0,0.0,1143836672.0,27164672.0,830607360.0,97320960.0,0.0,0.0,0.0,0.0,0.0,0.0,0.0
28-12 13:12:59,0.0,0.0,100.0,0.0,0.0,0.0,1143836672.0,27164672.0,830607360.0,97320960.0,0.0,0.0,0.0,0.0,0.0,0.0,0.0
28-12 13:13:00,0.500,0.0,99.500,0.0,0.0,0.0,1143836672.0,27164672.0,830607360.0,97320960.0,0.0,0.0,0.0,0.0,0.0,0.0,0.0
28-12 13:13:01,0.0,0.510,99.490,0.0,0.0,0.0,1143836672.0,27164672.0,830607360.0,97320960.0,0.0,0.0,0.0,0.0,0.0,0.0,0.0
28-12 13:13:02,0.0,0.510,99.490,0.0,0.0,0.0,1143832576.0,27168768.0,830607360.0,97320960.0,0.0,0.0,0.0,0.0,0.0,0.0,0.0
28-12 13:13:03,0.0,0.0,100.0,0.0,0.0,0.0,1143832576.0,27168768.0,830607360.0,97320960.0,0.0,0.0,0.0,0.0,0.0,0.0,0.0
28-12 13:13:04,0.0,0.0,100.0,0.0,0.0,0.0,1143832576.0,27168768.0,830607360.0,97320960.0,0.0,0.0,0.0,0.0,0.0,0.0,0.0
28-12 13:13:05,0.500,0.0,99.500,0.0,0.0,0.0,1143832576.0,27168768.0,830607360.0,97320960.0,0.0,0.0,0.0,0.0,0.0,0.0,0.0
28-12 13:13:06,0.0,0.0,100.0,0.0,0.0,0.0,1143832576.0,27168768.0,830607360.0,97320960.0,0.0,0.0,0.0,0.0,0.0,0.0,0.0
28-12 13:13:07,0.0,0.0,100.0,0.0,0.0,0.0,1143828480.0,27172864.0,830607360.0,97320960.0,0.0,0.0,0.0,0.0,0.0,0.0,0.0
28-12 13:13:08,0.0,0.0,100.0,0.0,0.0,0.0,1143828480.0,27172864.0,830607360.0,97320960.0,0.0,0.0,1.0,0.0,0.0,0.0,0.0
28-12 13:13:09,0.0,0.0,100.0,0.0,0.0,0.0,1143828480.0,27172864.0,830607360.0,97320960.0,0.0,0.0,0.0,0.0,0.0,0.0,0.0
28-12 13:13:10,0.0,0.0,100.0,0.0,0.0,0.0,1143828480.0,27172864.0,830607360.0,97320960.0,0.0,0.0,0.0,0.0,0.0,0.0,0.0
28-12 13:13:11,0.0,0.503,99.497,0.0,0.0,0.0,1143828480.0,27172864.0,830607360.0,97320960.0,0.0,0.0,0.0,0.0,0.0,0.0,0.0
28-12 13:13:12,0.0,0.0,100.0,0.0,0.0,0.0,1143828480.0,27172864.0,830607360.0,97320960.0,0.0,0.0,0.0,0.0,0.0,0.0,0.0
28-12 13:13:13,0.0,0.0,99.497,0.0,0.0,0.503,1143828480.0,27181056.0,830599168.0,97320960.0,0.0,0.0,1.0,0.0,0.0,0.0,0.0
28-12 13:13:14,0.0,0.0,100.0,0.0,0.0,0.0,1143820288.0,27181056.0,830607360.0,97320960.0,0.0,0.0,0.0,0.0,0.0,0.0,0.0
28-12 13:13:15,0.0,0.503,99.497,0.0,0.0,0.0,1143820288.0,27181056.0,830607360.0,97320960.0,0.0,0.0,0.0,0.0,0.0,0.0,0.0
28-12 13:13:16,0.0,0.0,100.0,0.0,0.0,0.0,1143820288.0,27181056.0,830607360.0,97320960.0,0.0,0.0,0.0,0.0,0.0,0.0,0.0
28-12 13:13:17,0.0,0.0,100.0,0.0,0.0,0.0,1143820288.0,27181056.0,830607360.0,97320960.0,0.0,0.0,0.0,0.0,0.0,0.0,0.0
28-12 13:13:18,0.0,0.0,100.0,0.0,0.0,0.0,1143820288.0,27189248.0,830599168.0,97320960.0,0.0,0.0,0.0,0.0,0.0,0.0,0.0
28-12 13:13:19,0.0,0.0,100.0,0.0,0.0,0.0,1143812096.0,27189248.0,830607360.0,97320960.0,0.0,0.0,0.0,0.0,0.0,0.0,0.0
28-12 13:13:20,0.0,0.0,100.0,0.0,0.0,0.0,1143812096.0,27189248.0,830607360.0,97320960.0,0.0,0.0,1.0,0.0,0.0,0.0,0.0
28-12 13:13:21,0.0,0.0,100.0,0.0,0.0,0.0,1143812096.0,27189248.0,830607360.0,97320960.0,0.0,0.0,0.0,0.0,0.0,0.0,0.0
28-12 13:13:22,0.0,0.0,100.0,0.0,0.0,0.0,1143812096.0,27189248.0,830607360.0,97320960.0,0.0,0.0,0.0,0.0,0.0,0.0,0.0
28-12 13:13:23,0.0,0.500,99.500,0.0,0.0,0.0,1143803904.0,27197440.0,830607360.0,97320960.0,0.0,0.0,0.0,0.0,0.0,0.0,0.0
28-12 13:13:24,0.0,0.0,100.0,0.0,0.0,0.0,1143803904.0,27197440.0,830607360.0,97320960.0,0.0,0.0,0.0,0.0,0.0,0.0,0.0
28-12 13:13:25,0.0,0.0,100.0,0.0,0.0,0.0,1143803904.0,27197440.0,830607360.0,97320960.0,0.0,0.0,0.0,0.0,0.0,0.0,0.0
28-12 13:13:26,0.0,0.0,100.0,0.0,0.0,0.0,1143803904.0,27197440.0,830607360.0,97320960.0,0.0,0.0,0.0,0.0,0.0,0.0,0.0
28-12 13:13:27,0.0,0.0,100.0,0.0,0.0,0.0,1143803904.0,27197440.0,830607360.0,97320960.0,0.0,0.0,0.0,0.0,0.0,0.0,0.0
28-12 13:13:28,0.500,0.0,99.500,0.0,0.0,0.0,1143803904.0,27205632.0,830599168.0,97320960.0,0.0,0.0,0.0,0.0,0.0,0.0,0.0
28-12 13:13:29,0.0,0.0,100.0,0.0,0.0,0.0,1143795712.0,27205632.0,830607360.0,97320960.0,0.0,0.0,0.0,0.0,0.0,0.0,0.0
28-12 13:13:30,0.0,0.0,100.0,0.0,0.0,0.0,1143791616.0,27205632.0,830611456.0,97320960.0,0.0,0.0,0.0,0.0,0.0,0.0,0.0
28-12 13:13:31,0.0,0.500,99.500,0.0,0.0,0.0,1143791616.0,27205632.0,830611456.0,97320960.0,0.0,0.0,0.0,0.0,0.0,0.0,0.0
28-12 13:13:32,0.0,0.0,100.0,0.0,0.0,0.0,1143791616.0,27205632.0,830611456.0,97320960.0,0.0,0.0,0.0,0.0,0.0,0.0,0.0
28-12 13:13:33,0.0,0.0,100.0,0.0,0.0,0.0,1143791616.0,27213824.0,830603264.0,97320960.0,0.0,0.0,0.0,0.0,0.0,0.0,0.0
28-12 13:13:34,0.0,0.0,100.0,0.0,0.0,0.0,1143783424.0,27213824.0,830611456.0,97320960.0,0.0,0.0,0.0,0.0,0.0,0.0,0.0
28-12 13:13:35,0.0,0.0,100.0,0.0,0.0,0.0,1143783424.0,27213824.0,830611456.0,97320960.0,0.0,0.0,0.0,0.0,0.0,0.0,0.0
28-12 13:13:36,0.0,0.0,100.0,0.0,0.0,0.0,1143783424.0,27213824.0,830611456.0,97320960.0,0.0,0.0,0.0,0.0,0.0,0.0,0.0
28-12 13:13:37,0.0,0.0,100.0,0.0,0.0,0.0,1143783424.0,27213824.0,830611456.0,97320960.0,0.0,0.0,0.0,0.0,0.0,0.0,0.0
28-12 13:13:38,0.0,0.0,100.0,0.0,0.0,0.0,1143783424.0,27217920.0,830607360.0,97320960.0,0.0,0.0,0.0,0.0,0.0,0.0,0.0
28-12 13:13:39,0.0,0.503,99.497,0.0,0.0,0.0,1143779328.0,27217920.0,830611456.0,97320960.0,0.0,0.0,0.0,0.0,0.0,0.0,0.0
28-12 13:13:40,0.0,0.0,100.0,0.0,0.0,0.0,1143779328.0,27217920.0,830611456.0,97320960.0,0.0,0.0,0.0,0.0,0.0,0.0,0.0
28-12 13:13:41,0.503,0.0,99.497,0.0,0.0,0.0,1143779328.0,27217920.0,830611456.0,97320960.0,0.0,0.0,0.0,0.0,0.0,0.0,0.0
28-12 13:13:42,0.0,0.503,99.497,0.0,0.0,0.0,1143779328.0,27217920.0,830611456.0,97320960.0,0.0,0.0,0.0,0.0,0.0,0.0,0.0
28-12 13:13:43,0.0,0.0,100.0,0.0,0.0,0.0,1143779328.0,27217920.0,830611456.0,97320960.0,0.0,0.0,0.0,0.0,0.0,0.0,0.0
28-12 13:13:44,0.0,0.0,100.0,0.0,0.0,0.0,1143779328.0,27222016.0,830607360.0,97320960.0,0.0,0.0,0.0,0.0,0.0,0.0,0.0
28-12 13:13:45,0.0,0.532,99.468,0.0,0.0,0.0,1143775232.0,27222016.0,830611456.0,97320960.0,0.0,0.0,0.0,0.0,0.0,0.0,0.0
28-12 13:13:46,0.0,0.500,99.500,0.0,0.0,0.0,1143775232.0,27222016.0,830611456.0,97320960.0,0.0,0.0,0.0,0.0,0.0,0.0,0.0
28-12 13:13:47,0.503,0.0,99.497,0.0,0.0,0.0,1143775232.0,27222016.0,830611456.0,97320960.0,0.0,0.0,0.0,0.0,0.0,0.0,0.0
28-12 13:13:48,0.505,0.0,99.495,0.0,0.0,0.0,1143775232.0,27222016.0,830611456.0,97320960.0,0.0,0.0,0.0,0.0,0.0,0.0,0.0
28-12 13:13:49,0.0,0.0,100.0,0.0,0.0,0.0,1143775232.0,27222016.0,830611456.0,97320960.0,0.0,0.0,0.0,0.0,0.0,0.0,0.0
28-12 13:13:50,0.0,0.0,100.0,0.0,0.0,0.0,1143783424.0,27230208.0,830603264.0,97312768.0,724.0,544.0,0.0,0.0,1.0,0.0,0.0
28-12 13:13:51,0.0,0.0,100.0,0.0,0.0,0.0,1143767040.0,27230208.0,830611456.0,97320960.0,300.0,180.0,0.0,0.0,0.0,0.0,0.0
28-12 13:13:52,0.0,0.0,100.0,0.0,0.0,0.0,1143767040.0,27230208.0,830611456.0,97320960.0,150.0,90.0,0.0,0.0,0.0,0.0,0.0
28-12 13:13:53,0.505,0.505,98.990,0.0,0.0,0.0,1143767040.0,27230208.0,830611456.0,97320960.0,150.0,90.0,0.0,0.0,0.0,0.0,0.0
28-12 13:13:54,0.0,0.0,99.495,0.0,0.0,0.505,1143767040.0,27230208.0,830611456.0,97320960.0,0.0,0.0,0.0,0.0,0.0,0.0,0.0
28-12 13:13:55,1.604,0.535,97.861,0.0,0.0,0.0,1143758848.0,27230208.0,830611456.0,97329152.0,210.0,150.0,0.0,0.0,1.0,0.0,0.0
28-12 13:13:56,0.0,0.0,100.0,0.0,0.0,0.0,1143750656.0,27238400.0,830611456.0,97329152.0,0.0,0.0,0.0,0.0,0.0,0.0,0.0
28-12 13:13:57,0.588,1.765,97.647,0.0,0.0,0.0,168812544.0,27238400.0,830611456.0,1072267264.0,360.0,310.0,0.0,0.0,0.0,0.0,0.0
28-12 13:13:58,0.0,0.505,99.495,0.0,0.0,0.0,168763392.0,27238400.0,830578688.0,1072349184.0,300.0,180.0,0.0,0.0,0.0,0.0,0.0
28-12 13:13:59,0.508,0.508,98.985,0.0,0.0,0.0,168755200.0,27238400.0,830578688.0,1072357376.0,1020.0,1126.0,0.0,0.0,1.0,0.0,0.0
28-12 13:14:00,0.0,0.0,100.0,0.0,0.0,0.0,168697856.0,27238400.0,830578688.0,1072414720.0,300.0,180.0,0.0,0.0,0.0,0.0,0.0
28-12 13:14:01,0.0,0.0,99.497,0.0,0.0,0.503,168681472.0,27246592.0,830578688.0,1072422912.0,450.0,270.0,0.0,0.0,0.0,0.0,0.0
28-12 13:14:02,0.0,0.0,100.0,0.0,0.0,0.0,168681472.0,27246592.0,830578688.0,1072422912.0,0.0,0.0,0.0,0.0,0.0,0.0,0.0
28-12 13:14:03,0.0,0.0,100.0,0.0,0.0,0.0,168673280.0,27246592.0,830578688.0,1072431104.0,0.0,0.0,0.0,0.0,0.0,0.0,0.0
28-12 13:14:04,0.0,0.500,99.500,0.0,0.0,0.0,168673280.0,27246592.0,830578688.0,1072431104.0,300.0,180.0,0.0,0.0,0.0,0.0,0.0
28-12 13:14:05,0.0,0.503,99.497,0.0,0.0,0.0,168673280.0,27246592.0,830578688.0,1072431104.0,150.0,90.0,0.0,0.0,0.0,0.0,0.0
28-12 13:14:06,0.498,0.498,99.005,0.0,0.0,0.0,168665088.0,27254784.0,830578688.0,1072431104.0,300.0,180.0,0.0,0.0,0.0,0.0,0.0
28-12 13:14:07,0.0,0.505,99.495,0.0,0.0,0.0,168665088.0,27254784.0,830578688.0,1072431104.0,300.0,180.0,0.0,0.0,0.0,0.0,0.0
28-12 13:14:08,0.0,0.0,100.0,0.0,0.0,0.0,168665088.0,27254784.0,830578688.0,1072431104.0,330.0,448.0,0.0,0.0,0.0,0.0,0.0
28-12 13:14:09,0.500,0.0,99.500,0.0,0.0,0.0,168665088.0,27254784.0,830578688.0,1072431104.0,316.0,196.0,0.0,0.0,0.0,0.0,0.0
28-12 13:14:10,0.0,0.503,99.497,0.0,0.0,0.0,168665088.0,27254784.0,830578688.0,1072431104.0,632.0,360.0,0.0,0.0,0.0,0.0,0.0
28-12 13:14:11,0.500,0.500,98.500,0.0,0.0,0.500,168656896.0,27258880.0,830582784.0,1072431104.0,300.0,212.0,0.0,0.0,0.0,0.0,0.0
28-12 13:14:12,0.0,0.0,100.0,0.0,0.0,0.0,168656896.0,27258880.0,830582784.0,1072431104.0,300.0,212.0,0.0,0.0,0.0,0.0,0.0
